{
  "assetsByChunkName": {
    "vendors~app-account~app-confirmation~app-order": "chunk.21d8f4d4a8d1537425b4.js",
    "vendors~app-account~app-checkout": "chunk.d22f7cb43efe434c69d8.js",
    "vendors~app-cart~app-checkout": "chunk.2a94fc7aadb9d4f3bf73.js",
    "admin": [
      "admin.08fabfc578c1266d9006.js",
      "admin.08fabfc578c1266d9006.js.map"
    ],
    "app-account": "chunk.e348825e506e0d211f79.js",
    "app-checkout": "chunk.d7b49c0144dd5a0b52c3.js",
    "app-confirmation": "chunk.0468c845a1f25e3f0bc0.js",
    "checkout": [
      "checkout.80a319aa78b46cfdbec6.js",
      "checkout.80a319aa78b46cfdbec6.js.map"
    ],
    "storefront": [
      "storefront.8eb59951c2459feeb67c.css",
      "storefront.23a0f1bcceaaeeeae571.js",
      "storefront.8eb59951c2459feeb67c.css.map",
      "storefront.23a0f1bcceaaeeeae571.js.map"
    ],
    "vendors~app-cart": "chunk.26b1b07fcb7588f0e07b.js",
    "vendors~app-order": "chunk.6728116c83e2df03a678.js"
  }
}