{
  "meta_title": "",
  "meta_description": "",
  "sections": [
    {
      "type": "banner-slider",
      "autoplay": 9000,
      "full_width": false,
      "slides": [
        {
          "img": "/img/uploads/banner-pc-3-.png",
          "link": "https://encomendaespecial.com.br/promocoes",
          "alt": "Banner",
          "mobile_img": "/img/uploads/banner-mobile-6-.png",
          "start": "",
          "end": ""
        }
      ]
    },
    {
      "type": "shelfs-nav",
      "shuffle": true,
      "limit": 8,
      "page": 1,
      "collection_ids": [
        "653023b22cd6b6595980216b:categories:Vestidos:/vestidos",
        "653401402cd6b65959845c65:categories:Camisas:/camisas",
        "65304aee2cd6b65959807f0f:categories:Conjuntos:/conjunto"
      ],
      "shelfs_title": "Novidades",
      "sort": "news"
    },
    {
      "type": "banners-grid",
      "banners": [
        {
          "img": "/img/uploads/banner-segundario-2-.png",
          "link": "https://encomendaespecial.com.br/promocoes"
        }
      ]
    },
    {
      "type": "shelfs-nav",
      "shuffle": true,
      "limit": 8,
      "page": 1,
      "collection_ids": [
        "6533ec9e2cd6b65959844999:categories:Vestidos:/vestido",
        "6533ec642cd6b65959844959:categories:Blusas:/blusas",
        "6533ecb02cd6b659598449bc:categories:Macacão:/macacao",
        "6533ecec2cd6b65959844a11:categories:Short:/short"
      ],
      "shelfs_title": "Black November (Somente até 30 de Novembro)",
      "sort": "news"
    }
  ]
}